﻿<?xml version="1.0" encoding="utf-8"?>
<abapGit version="v1.0.0" serializer="LCL_OBJECT_FUGR" serializer_version="v1.0.0">
 <asx:abap xmlns:asx="http://www.sap.com/abapxml" version="1.0">
  <asx:values>
   <AREAT>Function group</AREAT>
   <INCLUDES>
    <SOBJ_NAME>LZ_FG_LOGALITOP</SOBJ_NAME>
    <SOBJ_NAME>SAPLZ_FG_LOGALI</SOBJ_NAME>
   </INCLUDES>
   <FUNCTIONS>
    <item>
     <FUNCNAME>Z_FM_FLIGHTS_LOGALI</FUNCNAME>
     <SHORT_TEXT>Flight functions module</SHORT_TEXT>
     <IMPORT>
      <RSIMP>
       <PARAMETER>IV_CARRID</PARAMETER>
       <REFERENCE>X</REFERENCE>
       <TYP>S_CARRID</TYP>
      </RSIMP>
      <RSIMP>
       <PARAMETER>IV_LIST</PARAMETER>
       <OPTIONAL>X</OPTIONAL>
       <REFERENCE>X</REFERENCE>
       <TYP>FLAG</TYP>
      </RSIMP>
     </IMPORT>
     <EXPORT>
      <RSEXP>
       <PARAMETER>ET_FLIGHTS</PARAMETER>
       <REFERENCE>X</REFERENCE>
       <TYP>LTVF_TT_SFLIGHT</TYP>
      </RSEXP>
     </EXPORT>
     <EXCEPTION>
      <RSEXC>
       <EXCEPTION>EX_FLIGHTS</EXCEPTION>
      </RSEXC>
     </EXCEPTION>
     <DOCUMENTATION>
      <RSFDO>
       <PARAMETER>IV_CARRID</PARAMETER>
       <KIND>P</KIND>
      </RSFDO>
      <RSFDO>
       <PARAMETER>IV_LIST</PARAMETER>
       <KIND>P</KIND>
      </RSFDO>
      <RSFDO>
       <PARAMETER>ET_FLIGHTS</PARAMETER>
       <KIND>P</KIND>
      </RSFDO>
      <RSFDO>
       <PARAMETER>EX_FLIGHTS</PARAMETER>
       <KIND>X</KIND>
       <STEXT>There are no flights for the indicated airline</STEXT>
      </RSFDO>
     </DOCUMENTATION>
    </item>
   </FUNCTIONS>
  </asx:values>
 </asx:abap>
</abapGit>
