﻿<?xml version="1.0" encoding="utf-8"?>
<abapGit version="v1.0.0" serializer="LCL_OBJECT_MSAG" serializer_version="v1.0.0">
 <asx:abap xmlns:asx="http://www.sap.com/abapxml" version="1.0">
  <asx:values>
   <T100A>
    <ARBGB>Z_MCL_LOGALI</ARBGB>
    <MASTERLANG>E</MASTERLANG>
   </T100A>
   <T100>
    <T100>
     <SPRSL>E</SPRSL>
     <ARBGB>Z_MCL_LOGALI</ARBGB>
     <MSGNR>000</MSGNR>
     <TEXT>The field does not allow numeric values</TEXT>
    </T100>
    <T100>
     <SPRSL>E</SPRSL>
     <ARBGB>Z_MCL_LOGALI</ARBGB>
     <MSGNR>001</MSGNR>
     <TEXT>The field is mandatory</TEXT>
    </T100>
    <T100>
     <SPRSL>E</SPRSL>
     <ARBGB>Z_MCL_LOGALI</ARBGB>
     <MSGNR>002</MSGNR>
     <TEXT>The employee has been successfully registered</TEXT>
    </T100>
    <T100>
     <SPRSL>E</SPRSL>
     <ARBGB>Z_MCL_LOGALI</ARBGB>
     <MSGNR>003</MSGNR>
     <TEXT>The employee has not registered</TEXT>
    </T100>
    <T100>
     <SPRSL>E</SPRSL>
     <ARBGB>Z_MCL_LOGALI</ARBGB>
     <MSGNR>004</MSGNR>
     <TEXT>The employee does not exist</TEXT>
    </T100>
    <T100>
     <SPRSL>E</SPRSL>
     <ARBGB>Z_MCL_LOGALI</ARBGB>
     <MSGNR>005</MSGNR>
     <TEXT>The employee&apos;s data has been updated</TEXT>
    </T100>
    <T100>
     <SPRSL>E</SPRSL>
     <ARBGB>Z_MCL_LOGALI</ARBGB>
     <MSGNR>006</MSGNR>
     <TEXT>The employee&apos;s data has not been updated</TEXT>
    </T100>
    <T100>
     <SPRSL>E</SPRSL>
     <ARBGB>Z_MCL_LOGALI</ARBGB>
     <MSGNR>007</MSGNR>
     <TEXT>The employee has been deleted</TEXT>
    </T100>
    <T100>
     <SPRSL>E</SPRSL>
     <ARBGB>Z_MCL_LOGALI</ARBGB>
     <MSGNR>008</MSGNR>
     <TEXT>The employee has not been deleted</TEXT>
    </T100>
    <T100>
     <SPRSL>E</SPRSL>
     <ARBGB>Z_MCL_LOGALI</ARBGB>
     <MSGNR>009</MSGNR>
     <TEXT>The employee&apos;s data has been modified / inserted</TEXT>
    </T100>
   </T100>
  </asx:values>
 </asx:abap>
</abapGit>
