﻿<?xml version="1.0" encoding="utf-8"?>
<abapGit version="v1.0.0" serializer="LCL_OBJECT_PROG" serializer_version="v1.0.0">
 <asx:abap xmlns:asx="http://www.sap.com/abapxml" version="1.0">
  <asx:values>
   <PROGDIR>
    <NAME>Z_SCREEN_LOGALI</NAME>
    <DBAPL>S</DBAPL>
    <SUBC>1</SUBC>
    <RLOAD>E</RLOAD>
    <FIXPT>X</FIXPT>
    <LDBNAME>D$S</LDBNAME>
    <UCCHECK>X</UCCHECK>
   </PROGDIR>
   <TPOOL>
    <item>
     <ID>I</ID>
     <KEY>B01</KEY>
     <ENTRY>Registration request</ENTRY>
     <LENGTH>40</LENGTH>
    </item>
    <item>
     <ID>I</ID>
     <KEY>B02</KEY>
     <ENTRY>Employee data</ENTRY>
     <LENGTH>23</LENGTH>
    </item>
    <item>
     <ID>I</ID>
     <KEY>B03</KEY>
     <ENTRY>Data related to the registration request</ENTRY>
     <LENGTH>80</LENGTH>
    </item>
    <item>
     <ID>I</ID>
     <KEY>B04</KEY>
     <ENTRY>Contract type</ENTRY>
     <LENGTH>23</LENGTH>
    </item>
    <item>
     <ID>I</ID>
     <KEY>B05</KEY>
     <ENTRY>Benefits</ENTRY>
     <LENGTH>18</LENGTH>
    </item>
    <item>
     <ID>I</ID>
     <KEY>B06</KEY>
     <ENTRY>Access</ENTRY>
     <LENGTH>16</LENGTH>
    </item>
    <item>
     <ID>I</ID>
     <KEY>B07</KEY>
     <ENTRY>Process type</ENTRY>
     <LENGTH>22</LENGTH>
    </item>
    <item>
     <ID>I</ID>
     <KEY>C01</KEY>
     <ENTRY>Restaurant ticket</ENTRY>
     <LENGTH>27</LENGTH>
    </item>
    <item>
     <ID>I</ID>
     <KEY>C02</KEY>
     <ENTRY>Medical insurance</ENTRY>
     <LENGTH>27</LENGTH>
    </item>
    <item>
     <ID>I</ID>
     <KEY>C03</KEY>
     <ENTRY>Professional training</ENTRY>
     <LENGTH>42</LENGTH>
    </item>
    <item>
     <ID>R</ID>
     <ENTRY>Request for employee registration</ENTRY>
     <LENGTH>33</LENGTH>
    </item>
    <item>
     <ID>S</ID>
     <KEY>P_ADDR</KEY>
     <ENTRY>@PQ@Address</ENTRY>
     <LENGTH>19</LENGTH>
    </item>
    <item>
     <ID>S</ID>
     <KEY>P_BIRTHD</KEY>
     <ENTRY>@6D@Birth date</ENTRY>
     <LENGTH>22</LENGTH>
    </item>
    <item>
     <ID>S</ID>
     <KEY>P_CNTR_I</KEY>
     <ENTRY>Internships</ENTRY>
     <LENGTH>19</LENGTH>
    </item>
    <item>
     <ID>S</ID>
     <KEY>P_CNTR_T</KEY>
     <ENTRY>Temporary</ENTRY>
     <LENGTH>17</LENGTH>
    </item>
    <item>
     <ID>S</ID>
     <KEY>P_CNTR_U</KEY>
     <ENTRY>Undefined</ENTRY>
     <LENGTH>17</LENGTH>
    </item>
    <item>
     <ID>S</ID>
     <KEY>P_CREATE</KEY>
     <ENTRY>Create employee</ENTRY>
     <LENGTH>23</LENGTH>
    </item>
    <item>
     <ID>S</ID>
     <KEY>P_DELETE</KEY>
     <ENTRY>Delete employee</ENTRY>
     <LENGTH>23</LENGTH>
    </item>
    <item>
     <ID>S</ID>
     <KEY>P_EMAIL</KEY>
     <ENTRY>@KO@E-mail</ENTRY>
     <LENGTH>18</LENGTH>
    </item>
    <item>
     <ID>S</ID>
     <KEY>P_HOURS</KEY>
     <ENTRY>Weekly hours</ENTRY>
     <LENGTH>20</LENGTH>
    </item>
    <item>
     <ID>S</ID>
     <KEY>P_ID</KEY>
     <ENTRY>@6C@ID</ENTRY>
     <LENGTH>14</LENGTH>
    </item>
    <item>
     <ID>S</ID>
     <KEY>P_LASTN1</KEY>
     <ENTRY>@L6@First last name</ENTRY>
     <LENGTH>27</LENGTH>
    </item>
    <item>
     <ID>S</ID>
     <KEY>P_LASTN2</KEY>
     <ENTRY>@L6@Second last name</ENTRY>
     <LENGTH>28</LENGTH>
    </item>
    <item>
     <ID>S</ID>
     <KEY>P_MED_I</KEY>
     <ENTRY>Medical insurance</ENTRY>
     <LENGTH>25</LENGTH>
    </item>
    <item>
     <ID>S</ID>
     <KEY>P_MODIFY</KEY>
     <ENTRY>Modify employee</ENTRY>
     <LENGTH>23</LENGTH>
    </item>
    <item>
     <ID>S</ID>
     <KEY>P_MONT_S</KEY>
     <ENTRY>Monthly salary</ENTRY>
     <LENGTH>22</LENGTH>
    </item>
    <item>
     <ID>S</ID>
     <KEY>P_NAME</KEY>
     <ENTRY>@L6@Name</ENTRY>
     <LENGTH>16</LENGTH>
    </item>
    <item>
     <ID>S</ID>
     <KEY>P_PROF_T</KEY>
     <ENTRY>Profesional training</ENTRY>
     <LENGTH>28</LENGTH>
    </item>
    <item>
     <ID>S</ID>
     <KEY>P_READ</KEY>
     <ENTRY>Display employee</ENTRY>
     <LENGTH>24</LENGTH>
    </item>
    <item>
     <ID>S</ID>
     <KEY>P_REGISD</KEY>
     <ENTRY>Registration date</ENTRY>
     <LENGTH>26</LENGTH>
    </item>
    <item>
     <ID>S</ID>
     <KEY>P_TICKET</KEY>
     <ENTRY>Restaurant ticket</ENTRY>
     <LENGTH>25</LENGTH>
    </item>
    <item>
     <ID>S</ID>
     <KEY>P_UPDATE</KEY>
     <ENTRY>Update employee</ENTRY>
     <LENGTH>23</LENGTH>
    </item>
    <item>
     <ID>S</ID>
     <KEY>S_PROG</KEY>
     <ENTRY>Programs</ENTRY>
     <LENGTH>16</LENGTH>
    </item>
    <item>
     <ID>S</ID>
     <KEY>S_TCODE</KEY>
     <ENTRY>Transaction code</ENTRY>
     <LENGTH>24</LENGTH>
    </item>
   </TPOOL>
  </asx:values>
 </asx:abap>
</abapGit>
