﻿<?xml version="1.0" encoding="utf-8"?>
<abapGit version="v1.0.0" serializer="LCL_OBJECT_SHI3" serializer_version="v1.0.0">
 <asx:abap xmlns:asx="http://www.sap.com/abapxml" version="1.0">
  <asx:values>
   <TREE_HEAD>
    <ID>ZLOGALI</ID>
    <TYPE>BMENU</TYPE>
    <NODE_ID>ZLOGALI_T</NODE_ID>
    <MASTERLANG>E</MASTERLANG>
    <BUFFERMODE>1</BUFFERMODE>
    <BUFFERVAR>NRT</BUFFERVAR>
   </TREE_HEAD>
   <TREE_TITLES>
    <TTREET>
     <SPRAS>E</SPRAS>
     <ID>ZLOGALI</ID>
     <TEXT>Manage employees</TEXT>
     <TEXT_CAP>MANAGE EMPLOYEES</TEXT_CAP>
    </TTREET>
   </TREE_TITLES>
   <TREE_NODES>
    <HIER_IFACE>
     <NODE_ID>ZLOGALI_T</NODE_ID>
     <NODE_TYPE>NULL</NODE_TYPE>
     <NODE_LEVEL>01</NODE_LEVEL>
     <TREE_ID>ZLOGALI</TREE_ID>
     <FORCE_PLUS>X</FORCE_PLUS>
    </HIER_IFACE>
    <HIER_IFACE>
     <NODE_ID>0242AC1100021EECA5CEE447F22559F5</NODE_ID>
     <NODE_TYPE>TCOD</NODE_TYPE>
     <NODE_LEVEL>02</NODE_LEVEL>
     <PARENT_ID>ZLOGALI_T</PARENT_ID>
     <TREE_ID>ZLOGALI</TREE_ID>
    </HIER_IFACE>
   </TREE_NODES>
   <TREE_REFS>
    <HIER_REF>
     <NODE_ID>0242AC1100021EECA5CEE447F22559F5</NODE_ID>
     <REF_TYPE>BMFR</REF_TYPE>
     <REF_OBJECT>HLA0009999</REF_OBJECT>
    </HIER_REF>
    <HIER_REF>
     <NODE_ID>0242AC1100021EECA5CEE447F22559F5</NODE_ID>
     <REF_TYPE>TCOD</REF_TYPE>
     <REF_OBJECT>Z_EMPLOYEES_LOGALI</REF_OBJECT>
    </HIER_REF>
   </TREE_REFS>
   <TREE_TEXTS>
    <HIER_TEXTS>
     <SPRAS>E</SPRAS>
     <NODE_ID>0242AC1100021EECA5CEE447F22559F5</NODE_ID>
     <TEXT>Request for employee registration</TEXT>
    </HIER_TEXTS>
    <HIER_TEXTS>
     <SPRAS>E</SPRAS>
     <NODE_ID>ZLOGALI_T</NODE_ID>
     <TEXT>Manage employees</TEXT>
    </HIER_TEXTS>
   </TREE_TEXTS>
  </asx:values>
 </asx:abap>
</abapGit>
